기관명,시도,시군구/권역,latitude,longitude
경기도의료원 파주병원,경기,파주시,37.7550649,126.7801502
성애병원,서울,영등포구,37.5120680,126.9224286
양지병원,서울,관악구,37.4842967,126.9325938
녹색병원,서울,중랑구,37.5835209,127.0859600
사랑플러스병원,서울,강동구,37.54668000503,127.14357992146
베스티안 서울병원,서울,성동구,37.5650782,127.0280539
전북대학교병원,전북,전주시,35.8477584,127.1415189
군산의료원,전북,군산시,35.9549307,126.711918
남원의료원,전북,남원시,35.4321441,127.4067876
제주대학교병원,제주,제주시,33.4669414,126.5453940
제주의료원,제주,제주시,33.4451832,126.5605429
서귀포의료원,제주,서귀포시,33.2554582,126.5637513
천안의료원,충남,천안시,36.7755271,127.1791833
공주의료원,충남,공주시,36.4591409,127.1095016
서산의료원,충남,서산시,36.7753731,126.4653802
홍성의료원,충남,홍성군,36.5993059,126.6744778
뉴고려병원,경기,김포시,37.6408530,126.6600586
김포우리병원,경기,김포시,37.6324422,126.7105725
남양주 현대병원,경기,남양주시,37.7154268,127.179882
안양샘병원,경기,안양시,37.3935234,126.9243939
시화병원,경기,시흥시,37.3510098,126.7375401
윌스기념병원,경기,수원시,37.2651572,127.0254798
부천세종병원,경기,부천시,37.4811218,126.791382
성남시의료원,경기,성남시,37.4448551,127.1389343
서울특별시 동부병원,서울,동대문구,37.5753539,127.0315127
서울대학교병원운영 서울특별시보라매병원,서울,동작구,37.4939063,126.9240874
서울적십자병원,서울,종로구,37.5674109,126.9671289
서울의료원,서울,중랑구,37.6133422,127.0976149
국립중앙의료원,서울,중구,37.5674482,127.0061384
서울특별시 서북병원,서울,은평구,37.60421,126.9044499
상계백병원,서울,노원구,37.648582,127.0631157
빛고을전남대학교병원,광주,남구,35.0945857,126.8964828
조선대학교병원,광주,동구,35.1391207,126.9259034
광주기독병원,광주,남구,35.1365878,126.9119482
첨단종합병원,광주,광산구,35.2209301,126.8453114
보라안과병원,광주,서구,35.1512442,126.8525916
전남대학교병원,광주,동구,35.1416094,126.9220218
김천의료원,경북,김천시,36.1224269,128.1267217
안동의료원,경북,안동시,36.5682205,128.7321116
포항의료원,경북,포항시,36.0349723,129.3547992
상주적십자병원,경북,상주시,36.4146931,128.1555610
울진의료원(추가됨),경북,울진군,36.992696,129.4095737
영주적십자병원,경북,영주시,36.8250778,128.6039701
영천 제이 병원(추가됨),경북 ,,35.9769419,128.9530721
대구의료원,대구,서구,35.8596191,128.5403657
대구 파티마 병원(추가됨),대구 ,동구,35.8840357,128.6238479
대전을지대학교병원,대전,서구,36.3549067,127.3819725
대전선병원,대전,중구,36.3360668,127.4104138
가톨릭대학교 대전성모병원,대전,중구,36.3229989,127.4202861
세종충남대학교병원,세종,세종시,36.5196670,127.2581269
청주의료원,충북,청주시,36.6402026,127.4730326
충주의료원,충북,충주시,36.9793142,127.9704037
인천적십자병원,인천,연수구,37.4182960,126.6890390
인천광역시의료원,인천,동구,37.4787429,126.66875
현대유비스병원,인천,미추홀구,37.4615989,126.6429995
나은병원,인천,서구,37.4889469,126.6797507
부평세림병원,인천,부평구,37.5069179,126.7200540
검단탑종합병원,인천,서구,37.5924835,126.6711791
인천세종병원,인천,계양구,37.5324735,126.7368717
나사렛국제병원,인천,연수구,37.4079067,126.6704918
한림병원,인천,계양구,37.5323853,126.7343879
뉴성민병원,인천,서구,37.5097753,126.6698519
목포시의료원,전남,목포시,34.8040304,126.4052202
순천의료원,전남,순천시,34.9578937,127.4832643
근로복지공단 안산병원,경기,안산시,37.3167269,126.874139
한도병원,경기,안산시,37.3340566,126.8075562
단원병원,경기,안산시,37.3003343,126.8132315
마산의료원,경남,창원시,35.1991697,128.5655401
국립경상대병원,경남,진주시,35.1763252,128.0956716
양산부산대학병원,경남,양산시,35.32815,129.0057274
창원파티마병원,경남,창원시,35.237293,128.6459129
거창적십자병원,경남,거창읍,35.6866809,127.9088181
통영적십자병원,경남,통영시,34.8421200,128.4198340
부산대학교병원,부산,서구,35.1008351,129.0185505
좋은삼선병원,부산,사상구,35.1504224,129.0081140
대동병원,부산,동래구,35.2042956,129.0802215
부산광역시의료원,부산,연제구,35.1873260,129.0592925
일신기독병원,부산,동구,35.1354796,129.0545785
울산대학교병원,울산,동구,35.5193587,129.4292212
미즈병원,울산,남구,35.5523152,129.270908
더프라우병원,울산,,35.5418442,129.3359111
