latitude,longitude
37.7550649,126.7801502
37.5120680,126.9224286
37.4842967,126.9325938
37.5835209,127.0859600
37.54668000503,127.14357992146
37.5650782,127.0280539
35.8477584,127.1415189
35.9549307,126.711918
35.4321441,127.4067876
33.4669414,126.5453940
33.4451832,126.5605429
33.2554582,126.5637513
36.7755271,127.1791833
36.4591409,127.1095016
36.7753731,126.4653802
36.5993059,126.6744778
37.6408530,126.6600586
37.6324422,126.7105725
37.7154268,127.179882
37.3935234,126.9243939
37.3510098,126.7375401
37.2651572,127.0254798
37.4811218,126.791382
37.4448551,127.1389343
37.5753539,127.0315127
37.4939063,126.9240874
37.5674109,126.9671289
37.6133422,127.0976149
37.5674482,127.0061384
37.60421,126.9044499
37.648582,127.0631157
35.0945857,126.8964828
35.1391207,126.9259034
35.1365878,126.9119482
35.2209301,126.8453114
35.1512442,126.8525916
35.1416094,126.9220218
36.1224269,128.1267217
36.5682205,128.7321116
36.0349723,129.3547992
36.4146931,128.1555610
36.992696,129.4095737
36.8250778,128.6039701
35.9769419,128.9530721
35.8596191,128.5403657
35.8840357,128.6238479
36.3549067,127.3819725
36.3360668,127.4104138
36.3229989,127.4202861
36.5196670,127.2581269
36.6402026,127.4730326
36.9793142,127.9704037
37.4182960,126.6890390
37.4787429,126.66875
37.4615989,126.6429995
37.4889469,126.6797507
37.5069179,126.7200540
37.5924835,126.6711791
37.5324735,126.7368717
37.4079067,126.6704918
37.5323853,126.7343879
37.5097753,126.6698519
34.8040304,126.4052202
34.9578937,127.4832643
37.3167269,126.874139
37.3340566,126.8075562
37.3003343,126.8132315
35.1991697,128.5655401
35.1763252,128.0956716
35.32815,129.0057274
35.237293,128.6459129
35.6866809,127.9088181
34.8421200,128.4198340
35.1008351,129.0185505
35.1504224,129.0081140
35.2042956,129.0802215
35.1873260,129.0592925
35.1354796,129.0545785
35.5193587,129.4292212
35.5523152,129.270908
35.5418442,129.3359111
